{
    "name": "root",
    "gauges": {
        "LidarBehavior.Policy.Entropy.mean": {
            "value": 1.2362134456634521,
            "min": 1.2362134456634521,
            "max": 1.42642343044281,
            "count": 119
        },
        "LidarBehavior.Policy.Entropy.sum": {
            "value": 12368.3154296875,
            "min": 12143.234375,
            "max": 15516.0908203125,
            "count": 119
        },
        "LidarBehavior.Environment.EpisodeLength.mean": {
            "value": 374.54545454545456,
            "min": 168.0,
            "max": 1506.7142857142858,
            "count": 119
        },
        "LidarBehavior.Environment.EpisodeLength.sum": {
            "value": 8240.0,
            "min": 2856.0,
            "max": 15920.0,
            "count": 119
        },
        "LidarBehavior.Custom.Accuracy.mean": {
            "value": 0.20800841616635973,
            "min": 0.0,
            "max": 0.4631777036935091,
            "count": 119
        },
        "LidarBehavior.Custom.Accuracy.sum": {
            "value": 4.576185155659914,
            "min": 0.0,
            "max": 10.43938434496522,
            "count": 119
        },
        "LidarBehavior.Step.mean": {
            "value": 1189899.0,
            "min": 9963.0,
            "max": 1189899.0,
            "count": 119
        },
        "LidarBehavior.Step.sum": {
            "value": 1189899.0,
            "min": 9963.0,
            "max": 1189899.0,
            "count": 119
        },
        "LidarBehavior.Policy.ExtrinsicValueEstimate.mean": {
            "value": 8.776742935180664,
            "min": -0.4742979109287262,
            "max": 9.999663352966309,
            "count": 119
        },
        "LidarBehavior.Policy.ExtrinsicValueEstimate.sum": {
            "value": 772.3533935546875,
            "min": -39.36672592163086,
            "max": 879.9703369140625,
            "count": 119
        },
        "LidarBehavior.Environment.CumulativeReward.mean": {
            "value": 33.724034834991805,
            "min": -5.1929229281165386,
            "max": 64.14219166338444,
            "count": 119
        },
        "LidarBehavior.Environment.CumulativeReward.sum": {
            "value": 741.9287663698196,
            "min": -119.52612264454365,
            "max": 1584.7560330629349,
            "count": 119
        },
        "LidarBehavior.Policy.ExtrinsicReward.mean": {
            "value": 33.724034834991805,
            "min": -5.1929229281165386,
            "max": 64.14219166338444,
            "count": 119
        },
        "LidarBehavior.Policy.ExtrinsicReward.sum": {
            "value": 741.9287663698196,
            "min": -119.52612264454365,
            "max": 1584.7560330629349,
            "count": 119
        },
        "LidarBehavior.IsTraining.mean": {
            "value": 1.0,
            "min": 1.0,
            "max": 1.0,
            "count": 119
        },
        "LidarBehavior.IsTraining.sum": {
            "value": 1.0,
            "min": 1.0,
            "max": 1.0,
            "count": 119
        },
        "LidarBehavior.Losses.PolicyLoss.mean": {
            "value": 0.016748527569385867,
            "min": 0.011273633766298493,
            "max": 0.022639791620895265,
            "count": 57
        },
        "LidarBehavior.Losses.PolicyLoss.sum": {
            "value": 0.016748527569385867,
            "min": 0.011273633766298493,
            "max": 0.022639791620895265,
            "count": 57
        },
        "LidarBehavior.Losses.ValueLoss.mean": {
            "value": 10.338247299194336,
            "min": 0.042353517996768154,
            "max": 11.37068115870158,
            "count": 57
        },
        "LidarBehavior.Losses.ValueLoss.sum": {
            "value": 10.338247299194336,
            "min": 0.042353517996768154,
            "max": 11.37068115870158,
            "count": 57
        },
        "LidarBehavior.Policy.LearningRate.mean": {
            "value": 0.00026488024170658996,
            "min": 0.00026488024170658996,
            "max": 0.00029938191020602994,
            "count": 57
        },
        "LidarBehavior.Policy.LearningRate.sum": {
            "value": 0.00026488024170658996,
            "min": 0.00026488024170658996,
            "max": 0.00029938191020602994,
            "count": 57
        },
        "LidarBehavior.Policy.Epsilon.mean": {
            "value": 0.18829341,
            "min": 0.18829341,
            "max": 0.19979397000000002,
            "count": 57
        },
        "LidarBehavior.Policy.Epsilon.sum": {
            "value": 0.18829341,
            "min": 0.18829341,
            "max": 0.19979397000000002,
            "count": 57
        },
        "LidarBehavior.Policy.Beta.mean": {
            "value": 0.00044263770900000005,
            "min": 0.00044263770900000005,
            "max": 0.000498990453,
            "count": 57
        },
        "LidarBehavior.Policy.Beta.sum": {
            "value": 0.00044263770900000005,
            "min": 0.00044263770900000005,
            "max": 0.000498990453,
            "count": 57
        },
        "LidarBehavior.Custom.FinishTime(Seconds).mean": {
            "value": 18.25,
            "min": 16.016666412353516,
            "max": 90.51667022705078,
            "count": 61
        },
        "LidarBehavior.Custom.FinishTime(Seconds).sum": {
            "value": 18.25,
            "min": 16.016666412353516,
            "max": 524.6666688919067,
            "count": 61
        }
    },
    "metadata": {
        "timer_format_version": "0.1.0",
        "start_time_seconds": "1779956420",
        "python_version": "3.10.12 (main, Jul 26 2023, 12:00:51) [MSC v.1929 64 bit (AMD64)]",
        "command_line_arguments": "C:\\Users\\groze\\Documents\\git\\car-autodrive-project\\py\\env\\Scripts\\mlagents-learn config\\trainer_config.yaml --run-id=LidarHeadless_05_28__07 --env=C:\\Users\\groze\\Documents\\git\\car-autodrive-project\\unity\\LidarBuilds\\unity.exe --num-envs=16 --no-graphics",
        "mlagents_version": "1.1.0",
        "mlagents_envs_version": "1.1.0",
        "communication_protocol_version": "1.5.0",
        "pytorch_version": "2.11.0+cu126",
        "numpy_version": "1.23.5",
        "end_time_seconds": "1779963346"
    },
    "total": 6926.070328800008,
    "count": 1,
    "self": 2.9686718999873847,
    "children": {
        "run_training.setup": {
            "total": 2.672343500016723,
            "count": 1,
            "self": 2.672343500016723
        },
        "TrainerController.start_learning": {
            "total": 6920.429313400004,
            "count": 1,
            "self": 20.996029420697596,
            "children": {
                "TrainerController._reset_env": {
                    "total": 14.570737699978054,
                    "count": 1,
                    "self": 14.570737699978054
                },
                "TrainerController.advance": {
                    "total": 6880.864797379298,
                    "count": 835337,
                    "self": 19.434771053260192,
                    "children": {
                        "env_step": {
                            "total": 6180.051165245997,
                            "count": 835337,
                            "self": 1106.5369113250636,
                            "children": {
                                "SubprocessEnvManager._take_step": {
                                    "total": 5058.609713812126,
                                    "count": 1193879,
                                    "self": 120.87090229452588,
                                    "children": {
                                        "TorchPolicy.evaluate": {
                                            "total": 4937.7388115176,
                                            "count": 1191795,