{
    "name": "root",
    "gauges": {
        "LidarBehavior.Policy.Entropy.mean": {
            "value": 1.0948137044906616,
            "min": 1.0948137044906616,
            "max": 1.1367311477661133,
            "count": 122
        },
        "LidarBehavior.Policy.Entropy.sum": {
            "value": 11210.892578125,
            "min": 10185.111328125,
            "max": 11632.119140625,
            "count": 122
        },
        "LidarBehavior.Step.mean": {
            "value": 3789995.0,
            "min": 2579901.0,
            "max": 3789995.0,
            "count": 122
        },
        "LidarBehavior.Step.sum": {
            "value": 3789995.0,
            "min": 2579901.0,
            "max": 3789995.0,
            "count": 122
        },
        "LidarBehavior.Policy.ExtrinsicValueEstimate.mean": {
            "value": 1.4245685338974,
            "min": 1.2189394235610962,
            "max": 1.4732930660247803,
            "count": 122
        },
        "LidarBehavior.Policy.ExtrinsicValueEstimate.sum": {
            "value": 113.96548461914062,
            "min": 75.5742416381836,
            "max": 115.38749694824219,
            "count": 122
        },
        "LidarBehavior.IsTraining.mean": {
            "value": 1.0,
            "min": 1.0,
            "max": 1.0,
            "count": 122
        },
        "LidarBehavior.IsTraining.sum": {
            "value": 1.0,
            "min": 1.0,
            "max": 1.0,
            "count": 122
        },
        "LidarBehavior.Environment.EpisodeLength.mean": {
            "value": 3218.6666666666665,
            "min": 1104.0,
            "max": 4999.0,
            "count": 116
        },
        "LidarBehavior.Environment.EpisodeLength.sum": {
            "value": 9656.0,
            "min": 1104.0,
            "max": 23696.0,
            "count": 116
        },
        "LidarBehavior.Environment.CumulativeReward.mean": {
            "value": 21.59533853083849,
            "min": 5.938075229525566,
            "max": 35.952922612428665,
            "count": 116
        },
        "LidarBehavior.Environment.CumulativeReward.sum": {
            "value": 64.78601559251547,
            "min": 5.938075229525566,
            "max": 184.32494023442268,
            "count": 116
        },
        "LidarBehavior.Policy.ExtrinsicReward.mean": {
            "value": 21.59533853083849,
            "min": 5.938075229525566,
            "max": 35.952922612428665,
            "count": 116
        },
        "LidarBehavior.Policy.ExtrinsicReward.sum": {
            "value": 64.78601559251547,
            "min": 5.938075229525566,
            "max": 184.32494023442268,
            "count": 116
        },
        "LidarBehavior.Losses.PolicyLoss.mean": {
            "value": 0.019472705867762365,
            "min": 0.012276472345304986,
            "max": 0.02080412266465525,
            "count": 59
        },
        "LidarBehavior.Losses.PolicyLoss.sum": {
            "value": 0.019472705867762365,
            "min": 0.012276472345304986,
            "max": 0.02080412266465525,
            "count": 59
        },
        "LidarBehavior.Losses.ValueLoss.mean": {
            "value": 0.0066275217415144045,
            "min": 0.0016043036788081129,
            "max": 0.011632186764230331,
            "count": 59
        },
        "LidarBehavior.Losses.ValueLoss.sum": {
            "value": 0.0066275217415144045,
            "min": 0.0016043036788081129,
            "max": 0.011632186764230331,
            "count": 59
        },
        "LidarBehavior.Policy.LearningRate.mean": {
            "value": 7.293511568832e-05,
            "min": 7.293511568832e-05,
            "max": 0.00014444999185002003,
            "count": 59
        },
        "LidarBehavior.Policy.LearningRate.sum": {
            "value": 7.293511568832e-05,
            "min": 7.293511568832e-05,
            "max": 0.00014444999185002003,
            "count": 59
        },
        "LidarBehavior.Policy.Epsilon.mean": {
            "value": 0.12431167999999998,
            "min": 0.12431167999999998,
            "max": 0.14814998000000004,
            "count": 59
        },
        "LidarBehavior.Policy.Epsilon.sum": {
            "value": 0.12431167999999998,
            "min": 0.12431167999999998,
            "max": 0.14814998000000004,
            "count": 59
        },
        "LidarBehavior.Policy.Beta.mean": {
            "value": 3.1880512e-05,
            "min": 3.1880512e-05,
            "max": 5.333498199999999e-05,
            "count": 59
        },
        "LidarBehavior.Policy.Beta.sum": {
            "value": 3.1880512e-05,
            "min": 3.1880512e-05,
            "max": 5.333498199999999e-05,
            "count": 59
        }
    },
    "metadata": {
        "timer_format_version": "0.1.0",
        "start_time_seconds": "1780225446",
        "python_version": "3.10.12 (main, Jul 26 2023, 12:00:51) [MSC v.1929 64 bit (AMD64)]",
        "command_line_arguments": "C:\\Users\\groze\\Documents\\git\\car-autodrive-project\\py\\env\\Scripts\\mlagents-learn config\\trainer_config.yaml --run-id=Lidar_05_30__07 --resume",
        "mlagents_version": "1.1.0",
        "mlagents_envs_version": "1.1.0",
        "communication_protocol_version": "1.5.0",
        "pytorch_version": "2.11.0+cu126",
        "numpy_version": "1.23.5",
        "end_time_seconds": "1780228468"
    },
    "total": 3022.5012137999292,
    "count": 1,
    "self": 0.009921299992129207,
    "children": {
        "run_training.setup": {
            "total": 0.29733370000030845,
            "count": 1,
            "self": 0.29733370000030845
        },
        "TrainerController.start_learning": {
            "total": 3022.193958799937,
            "count": 1,
            "self": 3.3149905087193474,
            "children": {
                "TrainerController._reset_env": {
                    "total": 19.7897299999604,
                    "count": 1,
                    "self": 19.7897299999604
                },
                "TrainerController.advance": {
                    "total": 2993.5024313912727,
                    "count": 121955,
                    "self": 3.0854603714542463,
                    "children": {
                        "env_step": {
                            "total": 2362.9521054166835,
                            "count": 121955,
                            "self": 1795.2868352098158,
                            "children": {
                                "SubprocessEnvManager._take_step": {
                                    "total": 565.521976405289,
                                    "count": 121955,
                                    "self": 13.379568004864268,
                                    "children": {
                                        "TorchPolicy.evaluate": {
                                            "total": 552.1424084004248,
                                            "count": 121955,
                                            "self": 552.1424084004248
                                        }
                                    }
                                },
                                "workers": {
                                    "total": 2.143293801578693,
                                    "count": 121954,
                                    "self": 0.0,
                                    "children": {
                                        "worker_root": {
                                            "total": 2995.972967704409,
                                            "count": 121954,
                                            "is_parallel": true,
                                            "self": 1430.4186505022226,
                                            "children": {
                                                "steps_from_proto": {
                                                    "total": 0.004769999999552965,