{
    "name": "root",
    "gauges": {
        "LidarBehavior.Policy.Entropy.mean": {
            "value": 1.2174625396728516,
            "min": 1.2174625396728516,
            "max": 1.4201576709747314,
            "count": 178
        },
        "LidarBehavior.Policy.Entropy.sum": {
            "value": 12284.197265625,
            "min": 11825.796875,
            "max": 14671.822265625,
            "count": 178
        },
        "LidarBehavior.Step.mean": {
            "value": 1779994.0,
            "min": 9956.0,
            "max": 1779994.0,
            "count": 178
        },
        "LidarBehavior.Step.sum": {
            "value": 1779994.0,
            "min": 9956.0,
            "max": 1779994.0,
            "count": 178
        },
        "LidarBehavior.Policy.ExtrinsicValueEstimate.mean": {
            "value": -0.05034976080060005,
            "min": -0.23006439208984375,
            "max": 0.03940434008836746,
            "count": 178
        },
        "LidarBehavior.Policy.ExtrinsicValueEstimate.sum": {
            "value": -4.0783305168151855,
            "min": -19.325408935546875,
            "max": 3.1523470878601074,
            "count": 178
        },
        "LidarBehavior.Environment.EpisodeLength.mean": {
            "value": 4999.0,
            "min": 297.0,
            "max": 4999.0,
            "count": 176
        },
        "LidarBehavior.Environment.EpisodeLength.sum": {
            "value": 14997.0,
            "min": 297.0,
            "max": 29994.0,
            "count": 176
        },
        "LidarBehavior.Metrics.Average_Speed_KmH.mean": {
            "value": 0.3661666810512543,
            "min": -2.1437201499938965,
            "max": 5.3953857421875,
            "count": 38
        },
        "LidarBehavior.Metrics.Average_Speed_KmH.sum": {
            "value": 0.3661666810512543,
            "min": -4.885968565940857,
            "max": 13.122540414333344,
            "count": 38
        },
        "LidarBehavior.Environment.CumulativeReward.mean": {
            "value": -0.2564141853460266,
            "min": -2.51157555449754,
            "max": -0.2181014343223069,
            "count": 176
        },
        "LidarBehavior.Environment.CumulativeReward.sum": {
            "value": -0.7692425560380798,
            "min": -16.304920606315136,
            "max": -0.2181014343223069,
            "count": 176
        },
        "LidarBehavior.Policy.ExtrinsicReward.mean": {
            "value": -0.2564141853460266,
            "min": -2.51157555449754,
            "max": -0.2181014343223069,
            "count": 176
        },
        "LidarBehavior.Policy.ExtrinsicReward.sum": {
            "value": -0.7692425560380798,
            "min": -16.304920606315136,
            "max": -0.2181014343223069,
            "count": 176
        },
        "LidarBehavior.IsTraining.mean": {
            "value": 1.0,
            "min": 1.0,
            "max": 1.0,
            "count": 178
        },
        "LidarBehavior.IsTraining.sum": {
            "value": 1.0,
            "min": 1.0,
            "max": 1.0,
            "count": 178
        },
        "LidarBehavior.Losses.PolicyLoss.mean": {
            "value": 0.018470263729492824,
            "min": 0.010801535992262265,
            "max": 0.02442073910497129,
            "count": 86
        },
        "LidarBehavior.Losses.PolicyLoss.sum": {
            "value": 0.018470263729492824,
            "min": 0.010801535992262265,
            "max": 0.02442073910497129,
            "count": 86
        },
        "LidarBehavior.Losses.ValueLoss.mean": {
            "value": 3.448216836356248e-05,
            "min": 1.1450933061496472e-05,
            "max": 0.017016754563276965,
            "count": 86
        },
        "LidarBehavior.Losses.ValueLoss.sum": {
            "value": 3.448216836356248e-05,
            "min": 1.1450933061496472e-05,
            "max": 0.017016754563276965,
            "count": 86
        },
        "LidarBehavior.Policy.LearningRate.mean": {
            "value": 0.00019409367530212002,
            "min": 0.00019409367530212002,
            "max": 0.0002987646004118,
            "count": 86
        },
        "LidarBehavior.Policy.LearningRate.sum": {
            "value": 0.00019409367530212002,
            "min": 0.00019409367530212002,
            "max": 0.0002987646004118,
            "count": 86
        },
        "LidarBehavior.Policy.Epsilon.mean": {
            "value": 0.16469788000000005,
            "min": 0.16469788000000005,
            "max": 0.19958820000000002,
            "count": 86
        },
        "LidarBehavior.Policy.Epsilon.sum": {
            "value": 0.16469788000000005,
            "min": 0.16469788000000005,
            "max": 0.19958820000000002,
            "count": 86
        },
        "LidarBehavior.Policy.Beta.mean": {
            "value": 6.822809200000004e-05,
            "min": 6.822809200000004e-05,
            "max": 9.962938000000003e-05,
            "count": 86
        },
        "LidarBehavior.Policy.Beta.sum": {
            "value": 6.822809200000004e-05,
            "min": 6.822809200000004e-05,
            "max": 9.962938000000003e-05,
            "count": 86
        }
    },
    "metadata": {
        "timer_format_version": "0.1.0",
        "start_time_seconds": "1780313166",
        "python_version": "3.10.12 (main, Jul 26 2023, 12:00:51) [MSC v.1929 64 bit (AMD64)]",
        "command_line_arguments": "C:\\Users\\groze\\Documents\\git\\car-autodrive-project\\py\\env\\Scripts\\mlagents-learn config\\trainer_config.yaml --run-id=Lidar_PPO_06_01__01",
        "mlagents_version": "1.1.0",
        "mlagents_envs_version": "1.1.0",
        "communication_protocol_version": "1.5.0",
        "pytorch_version": "2.11.0+cu126",
        "numpy_version": "1.23.5",
        "end_time_seconds": "1780317654"
    },
    "total": 4487.367717400077,
    "count": 1,
    "self": 0.010958500090055168,
    "children": {
        "run_training.setup": {
            "total": 0.24077689996920526,
            "count": 1,
            "self": 0.24077689996920526
        },
        "TrainerController.start_learning": {
            "total": 4487.1159820000175,
            "count": 1,
            "self": 4.7316728526493534,
            "children": {
                "TrainerController._reset_env": {
                    "total": 18.979585799970664,
                    "count": 1,
                    "self": 18.979585799970664
                },
                "TrainerController.advance": {
                    "total": 4459.652293747407,
                    "count": 178490,
                    "self": 4.741139318677597,
                    "children": {
                        "env_step": {
                            "total": 3551.8618511172244,
                            "count": 178490,
                            "self": 2660.2093669215683,
                            "children": {
                                "SubprocessEnvManager._take_step": {
                                    "total": 888.6066338932142,
                                    "count": 178490,
                                    "self": 18.84395180339925,
                                    "children": {
                                        "TorchPolicy.evaluate": {
                                            "total": 869.7626820898149,
                                            "count": 178490,
                                            "self": 869.7626820898149
                                        }
                                    }
                                },
                                "workers": {
                                    "total": 3.045850302441977,
                                    "count": 178489,
                                    "self": 0.0,