{
    "name": "root",
    "gauges": {
        "LidarBehavior.Policy.Entropy.mean": {
            "value": 1.4266809225082397,
            "min": 1.4189382791519165,
            "max": 1.4348270893096924,
            "count": 35
        },
        "LidarBehavior.Policy.Entropy.sum": {
            "value": 14124.1416015625,
            "min": 13910.591796875,
            "max": 14728.580078125,
            "count": 35
        },
        "LidarBehavior.Step.mean": {
            "value": 349956.0,
            "min": 9884.0,
            "max": 349956.0,
            "count": 35
        },
        "LidarBehavior.Step.sum": {
            "value": 349956.0,
            "min": 9884.0,
            "max": 349956.0,
            "count": 35
        },
        "LidarBehavior.Policy.ExtrinsicValueEstimate.mean": {
            "value": -0.11980502307415009,
            "min": -1.0304814577102661,
            "max": 0.0777180939912796,
            "count": 35
        },
        "LidarBehavior.Policy.ExtrinsicValueEstimate.sum": {
            "value": -9.46459674835205,
            "min": -83.468994140625,
            "max": 6.217447280883789,
            "count": 35
        },
        "LidarBehavior.Environment.EpisodeLength.mean": {
            "value": 4999.0,
            "min": 550.0,
            "max": 4999.0,
            "count": 35
        },
        "LidarBehavior.Environment.EpisodeLength.sum": {
            "value": 4999.0,
            "min": 776.0,
            "max": 24729.0,
            "count": 35
        },
        "LidarBehavior.Metrics.Average_Speed_KmH.mean": {
            "value": -0.5178714990615845,
            "min": -2.166735142469406,
            "max": 2.7005749940872192,
            "count": 25
        },
        "LidarBehavior.Metrics.Average_Speed_KmH.sum": {
            "value": -0.5178714990615845,
            "min": -8.666940569877625,
            "max": 5.4011499881744385,
            "count": 25
        },
        "LidarBehavior.Environment.CumulativeReward.mean": {
            "value": -5.347633453086019,
            "min": -18.266985723748803,
            "max": -5.252955988049507,
            "count": 35
        },
        "LidarBehavior.Environment.CumulativeReward.sum": {
            "value": -5.347633453086019,
            "min": -113.68225158005953,
            "max": -5.252955988049507,
            "count": 35
        },
        "LidarBehavior.Policy.ExtrinsicReward.mean": {
            "value": -5.347633453086019,
            "min": -18.266985723748803,
            "max": -5.252955988049507,
            "count": 35
        },
        "LidarBehavior.Policy.ExtrinsicReward.sum": {
            "value": -5.347633453086019,
            "min": -113.68225158005953,
            "max": -5.252955988049507,
            "count": 35
        },
        "LidarBehavior.IsTraining.mean": {
            "value": 1.0,
            "min": 1.0,
            "max": 1.0,
            "count": 35
        },
        "LidarBehavior.IsTraining.sum": {
            "value": 1.0,
            "min": 1.0,
            "max": 1.0,
            "count": 35
        },
        "LidarBehavior.Losses.PolicyLoss.mean": {
            "value": 0.014575255126692355,
            "min": 0.01413797818434735,
            "max": 0.021555895839507382,
            "count": 17
        },
        "LidarBehavior.Losses.PolicyLoss.sum": {
            "value": 0.014575255126692355,
            "min": 0.01413797818434735,
            "max": 0.021555895839507382,
            "count": 17
        },
        "LidarBehavior.Losses.ValueLoss.mean": {
            "value": 0.007226911683877309,
            "min": 0.006200304650701582,
            "max": 0.5402165214220683,
            "count": 17
        },
        "LidarBehavior.Losses.ValueLoss.sum": {
            "value": 0.007226911683877309,
            "min": 0.006200304650701582,
            "max": 0.5402165214220683,
            "count": 17
        },
        "LidarBehavior.Policy.LearningRate.mean": {
            "value": 0.0002790564069812,
            "min": 0.0002790564069812,
            "max": 0.0002987702404099199,
            "count": 17
        },
        "LidarBehavior.Policy.LearningRate.sum": {
            "value": 0.0002790564069812,
            "min": 0.0002790564069812,
            "max": 0.0002987702404099199,
            "count": 17
        },
        "LidarBehavior.Policy.Epsilon.mean": {
            "value": 0.1930188,
            "min": 0.1930188,
            "max": 0.19959008000000003,
            "count": 17
        },
        "LidarBehavior.Policy.Epsilon.sum": {
            "value": 0.1930188,
            "min": 0.1930188,
            "max": 0.19959008000000003,
            "count": 17
        },
        "LidarBehavior.Policy.Beta.mean": {
            "value": 9.371692e-05,
            "min": 9.371692e-05,
            "max": 9.963107199999998e-05,
            "count": 17
        },
        "LidarBehavior.Policy.Beta.sum": {
            "value": 9.371692e-05,
            "min": 9.371692e-05,
            "max": 9.963107199999998e-05,
            "count": 17
        }
    },
    "metadata": {
        "timer_format_version": "0.1.0",
        "start_time_seconds": "1780334176",
        "python_version": "3.10.12 (main, Jul 26 2023, 12:00:51) [MSC v.1929 64 bit (AMD64)]",
        "command_line_arguments": "C:\\Users\\groze\\Documents\\git\\car-autodrive-project\\py\\env\\Scripts\\mlagents-learn config\\trainer_config.yaml --run-id=Lidar_PPO_06_01__03",
        "mlagents_version": "1.1.0",
        "mlagents_envs_version": "1.1.0",
        "communication_protocol_version": "1.5.0",
        "pytorch_version": "2.11.0+cu126",
        "numpy_version": "1.23.5",
        "end_time_seconds": "1780335152"
    },
    "total": 975.671421,
    "count": 1,
    "self": 10.012350799999922,
    "children": {
        "run_training.setup": {
            "total": 0.24162799999999152,
            "count": 1,
            "self": 0.24162799999999152
        },
        "TrainerController.start_learning": {
            "total": 965.4174422000001,
            "count": 1,
            "self": 0.9938644000029626,
            "children": {
                "TrainerController._reset_env": {
                    "total": 15.690965699999992,
                    "count": 1,
                    "self": 15.690965699999992
                },
                "TrainerController.advance": {
                    "total": 939.3194908999969,
                    "count": 35242,
                    "self": 0.9390821999735408,
                    "children": {
                        "env_step": {
                            "total": 749.5294049000154,
                            "count": 35242,
                            "self": 560.218082699997,
                            "children": {
                                "SubprocessEnvManager._take_step": {
                                    "total": 188.67984870000532,
                                    "count": 35242,
                                    "self": 3.892185000001234,
                                    "children": {
                                        "TorchPolicy.evaluate": {
                                            "total": 184.7876637000041,
                                            "count": 35242,
                                            "self": 184.7876637000041
                                        }
                                    }
                                },
                                "workers": {
                                    "total": 0.6314735000129872,
                                    "count": 35241,
                                    "self": 0.0,
                                    "children": {
                                        "worker_root": {
                                            "total": 931.0142255000037,
                                            "count": 35241,
                                            "is_parallel": true,