{
    "name": "root",
    "gauges": {
        "LidarBehavior.Policy.Entropy.mean": {
            "value": 1.4126185178756714,
            "min": 1.4126185178756714,
            "max": 1.4206753969192505,
            "count": 14
        },
        "LidarBehavior.Policy.Entropy.sum": {
            "value": 21697.8203125,
            "min": 19683.57421875,
            "max": 21821.57421875,
            "count": 14
        },
        "LidarBehavior.Step.mean": {
            "value": 209952.0,
            "min": 9984.0,
            "max": 209952.0,
            "count": 21
        },
        "LidarBehavior.Step.sum": {
            "value": 209952.0,
            "min": 9984.0,
            "max": 209952.0,
            "count": 21
        },
        "LidarBehavior.Policy.ExtrinsicValueEstimate.mean": {
            "value": -0.09214017540216446,
            "min": -0.19936664402484894,
            "max": -0.009157480672001839,
            "count": 21
        },
        "LidarBehavior.Policy.ExtrinsicValueEstimate.sum": {
            "value": -3.5934667587280273,
            "min": -7.775299072265625,
            "max": -0.35714176297187805,
            "count": 21
        },
        "LidarBehavior.IsTraining.mean": {
            "value": 1.0,
            "min": 1.0,
            "max": 1.0,
            "count": 21
        },
        "LidarBehavior.IsTraining.sum": {
            "value": 1.0,
            "min": 1.0,
            "max": 1.0,
            "count": 21
        },
        "LidarBehavior.Losses.PolicyLoss.mean": {
            "value": 0.0189068291912831,
            "min": 0.014120072674834066,
            "max": 0.019466483986212146,
            "count": 6
        },
        "LidarBehavior.Losses.PolicyLoss.sum": {
            "value": 0.0189068291912831,
            "min": 0.014120072674834066,
            "max": 0.019466483986212146,
            "count": 6
        },
        "LidarBehavior.Losses.ValueLoss.mean": {
            "value": 0.0023316930358608565,
            "min": 0.0023316930358608565,
            "max": 0.04406091541879707,
            "count": 6
        },
        "LidarBehavior.Losses.ValueLoss.sum": {
            "value": 0.0023316930358608565,
            "min": 0.0023316930358608565,
            "max": 0.04406091541879707,
            "count": 6
        },
        "LidarBehavior.Policy.LearningRate.mean": {
            "value": 9.640000359999999e-05,
            "min": 9.640000359999999e-05,
            "max": 9.938560061439998e-05,
            "count": 6
        },
        "LidarBehavior.Policy.LearningRate.sum": {
            "value": 9.640000359999999e-05,
            "min": 9.640000359999999e-05,
            "max": 9.938560061439998e-05,
            "count": 6
        },
        "LidarBehavior.Policy.Epsilon.mean": {
            "value": 0.19640000000000002,
            "min": 0.19640000000000002,
            "max": 0.19938559999999994,
            "count": 6
        },
        "LidarBehavior.Policy.Epsilon.sum": {
            "value": 0.19640000000000002,
            "min": 0.19640000000000002,
            "max": 0.19938559999999994,
            "count": 6
        },
        "LidarBehavior.Policy.Beta.mean": {
            "value": 0.0009643599999999999,
            "min": 0.0009643599999999999,
            "max": 0.00099391744,
            "count": 6
        },
        "LidarBehavior.Policy.Beta.sum": {
            "value": 0.0009643599999999999,
            "min": 0.0009643599999999999,
            "max": 0.00099391744,
            "count": 6
        },
        "LidarBehavior.Environment.EpisodeLength.mean": {
            "value": 999.0,
            "min": 999.0,
            "max": 999.0,
            "count": 3
        },
        "LidarBehavior.Environment.EpisodeLength.sum": {
            "value": 59940.0,
            "min": 59940.0,
            "max": 59940.0,
            "count": 3
        },
        "LidarBehavior.Environment.CumulativeReward.mean": {
            "value": -0.017581047490239143,
            "min": -8.161347895860672,
            "max": -0.017581047490239143,
            "count": 9
        },
        "LidarBehavior.Environment.CumulativeReward.sum": {
            "value": -0.017581047490239143,
            "min": -124.588464877148,
            "max": -0.017581047490239143,
            "count": 9
        },
        "LidarBehavior.Policy.ExtrinsicReward.mean": {
            "value": -0.017581047490239143,
            "min": -8.161347895860672,
            "max": -0.017581047490239143,
            "count": 9
        },
        "LidarBehavior.Policy.ExtrinsicReward.sum": {
            "value": -0.017581047490239143,
            "min": -124.588464877148,
            "max": -0.017581047490239143,
            "count": 9
        }
    },
    "metadata": {
        "timer_format_version": "0.1.0",
        "start_time_seconds": "1780096717",
        "python_version": "3.10.12 (main, Jul 26 2023, 12:00:51) [MSC v.1929 64 bit (AMD64)]",
        "command_line_arguments": "C:\\Users\\groze\\Documents\\git\\car-autodrive-project\\py\\env\\Scripts\\mlagents-learn config\\trainer_config.yaml --run-id=Lidar_05_30__01",
        "mlagents_version": "1.1.0",
        "mlagents_envs_version": "1.1.0",
        "communication_protocol_version": "1.5.0",
        "pytorch_version": "2.11.0+cu126",
        "numpy_version": "1.23.5",
        "end_time_seconds": "1780097234"
    },
    "total": 516.2350322999991,
    "count": 1,
    "self": 0.009729300043545663,
    "children": {
        "run_training.setup": {
            "total": 0.2087098000338301,
            "count": 1,
            "self": 0.2087098000338301
        },
        "TrainerController.start_learning": {
            "total": 516.0165931999218,
            "count": 1,
            "self": 0.08604690269567072,
            "children": {
                "TrainerController._reset_env": {
                    "total": 22.705465699895285,
                    "count": 1,
                    "self": 22.705465699895285
                },
                "TrainerController.advance": {
                    "total": 486.7347039973829,
                    "count": 3579,
                    "self": 0.1023609017720446,
                    "children": {
                        "env_step": {
                            "total": 392.03024240070954,
                            "count": 3579,
                            "self": 375.72268689982593,
                            "children": {
                                "SubprocessEnvManager._take_step": {
                                    "total": 16.241520199459046,
                                    "count": 3579,
                                    "self": 0.49817389878444374,
                                    "children": {
                                        "TorchPolicy.evaluate": {
                                            "total": 15.743346300674602,
                                            "count": 3579,
                                            "self": 15.743346300674602
                                        }
                                    }
                                },
                                "workers": {
                                    "total": 0.06603530142456293,
                                    "count": 3578,
                                    "self": 0.0,
                                    "children": {
                                        "worker_root": {
                                            "total": 490.5061468962813,
                                            "count": 3578,
                                            "is_parallel": true,
                                            "self": 128.45522180059925,
                                            "children": {
                                                "steps_from_proto": {
                                                    "total": 0.007307099993340671,