{
    "name": "root",
    "gauges": {
        "LidarBehavior.Policy.Entropy.mean": {
            "value": 1.0151070356369019,
            "min": 1.0151070356369019,
            "max": 1.4304840564727783,
            "count": 165
        },
        "LidarBehavior.Policy.Entropy.sum": {
            "value": 10303.3369140625,
            "min": 10000.7109375,
            "max": 19652.296875,
            "count": 165
        },
        "LidarBehavior.Environment.EpisodeLength.mean": {
            "value": 999.0,
            "min": 102.70731707317073,
            "max": 1249.0,
            "count": 165
        },
        "LidarBehavior.Environment.EpisodeLength.sum": {
            "value": 9990.0,
            "min": 3996.0,
            "max": 15985.0,
            "count": 165
        },
        "LidarBehavior.Custom.Accuracy.mean": {
            "value": 0.0,
            "min": 0.0,
            "max": 0.0,
            "count": 13
        },
        "LidarBehavior.Custom.Accuracy.sum": {
            "value": 0.0,
            "min": 0.0,
            "max": 0.0,
            "count": 13
        },
        "LidarBehavior.Step.mean": {
            "value": 1649876.0,
            "min": 9964.0,
            "max": 1649876.0,
            "count": 165
        },
        "LidarBehavior.Step.sum": {
            "value": 1649876.0,
            "min": 9964.0,
            "max": 1649876.0,
            "count": 165
        },
        "LidarBehavior.Policy.ExtrinsicValueEstimate.mean": {
            "value": -0.5611331462860107,
            "min": -6.544686317443848,
            "max": -0.011202219873666763,
            "count": 165
        },
        "LidarBehavior.Policy.ExtrinsicValueEstimate.sum": {
            "value": -44.89065170288086,
            "min": -569.3876953125,
            "max": -1.0642108917236328,
            "count": 165
        },
        "LidarBehavior.Environment.CumulativeReward.mean": {
            "value": -5.517303439974785,
            "min": -53.103803398934275,
            "max": -5.517303439974785,
            "count": 165
        },
        "LidarBehavior.Environment.CumulativeReward.sum": {
            "value": -55.17303439974785,
            "min": -2009.4648618996143,
            "max": -24.469618022441864,
            "count": 165
        },
        "LidarBehavior.Policy.ExtrinsicReward.mean": {
            "value": -5.517303439974785,
            "min": -53.103803398934275,
            "max": -5.517303439974785,
            "count": 165
        },
        "LidarBehavior.Policy.ExtrinsicReward.sum": {
            "value": -55.17303439974785,
            "min": -2009.4648618996143,
            "max": -24.469618022441864,
            "count": 165
        },
        "LidarBehavior.IsTraining.mean": {
            "value": 1.0,
            "min": 1.0,
            "max": 1.0,
            "count": 165
        },
        "LidarBehavior.IsTraining.sum": {
            "value": 1.0,
            "min": 1.0,
            "max": 1.0,
            "count": 165
        },
        "LidarBehavior.Losses.PolicyLoss.mean": {
            "value": 0.015376368560828269,
            "min": 0.009630381300424536,
            "max": 0.02305396960582584,
            "count": 80
        },
        "LidarBehavior.Losses.PolicyLoss.sum": {
            "value": 0.015376368560828269,
            "min": 0.009630381300424536,
            "max": 0.02305396960582584,
            "count": 80
        },
        "LidarBehavior.Losses.ValueLoss.mean": {
            "value": 0.0010087927589969088,
            "min": 0.0007908078570229312,
            "max": 57.11445706685384,
            "count": 80
        },
        "LidarBehavior.Losses.ValueLoss.sum": {
            "value": 0.0010087927589969088,
            "min": 0.0007908078570229312,
            "max": 57.11445706685384,
            "count": 80
        },
        "LidarBehavior.Policy.LearningRate.mean": {
            "value": 0.0002506575764474799,
            "min": 0.0002506575764474799,
            "max": 0.0002993839802053401,
            "count": 80
        },
        "LidarBehavior.Policy.LearningRate.sum": {
            "value": 0.0002506575764474799,
            "min": 0.0002506575764474799,
            "max": 0.0002993839802053401,
            "count": 80
        },
        "LidarBehavior.Policy.Epsilon.mean": {
            "value": 0.18355252000000002,
            "min": 0.18355252000000002,
            "max": 0.19979466000000007,
            "count": 80
        },
        "LidarBehavior.Policy.Epsilon.sum": {
            "value": 0.18355252000000002,
            "min": 0.18355252000000002,
            "max": 0.19979466000000007,
            "count": 80
        },
        "LidarBehavior.Policy.Beta.mean": {
            "value": 0.00041940734800000013,
            "min": 0.00041940734800000013,
            "max": 0.0004989938340000001,
            "count": 80
        },
        "LidarBehavior.Policy.Beta.sum": {
            "value": 0.00041940734800000013,
            "min": 0.00041940734800000013,
            "max": 0.0004989938340000001,
            "count": 80
        }
    },
    "metadata": {
        "timer_format_version": "0.1.0",
        "start_time_seconds": "1779968239",
        "python_version": "3.10.12 (main, Jul 26 2023, 12:00:51) [MSC v.1929 64 bit (AMD64)]",
        "command_line_arguments": "C:\\Users\\groze\\Documents\\git\\car-autodrive-project\\py\\env\\Scripts\\mlagents-learn config\\trainer_config.yaml --run-id=LidarHeadless_05_28__09 --env=C:\\Users\\groze\\Documents\\git\\car-autodrive-project\\unity\\LidarBuilds\\unity.exe --num-envs=8 --no-graphics",
        "mlagents_version": "1.1.0",
        "mlagents_envs_version": "1.1.0",
        "communication_protocol_version": "1.5.0",
        "pytorch_version": "2.11.0+cu126",
        "numpy_version": "1.23.5",
        "end_time_seconds": "1779970741"
    },
    "total": 2502.003087499994,
    "count": 1,
    "self": 3.5495792000438087,
    "children": {
        "run_training.setup": {
            "total": 1.3406662999768741,
            "count": 1,
            "self": 1.3406662999768741
        },
        "TrainerController.start_learning": {
            "total": 2497.112841999973,
            "count": 1,
            "self": 3.8639860856928863,
            "children": {
                "TrainerController._reset_env": {
                    "total": 15.505902700009756,
                    "count": 1,
                    "self": 15.505902700009756
                },
                "TrainerController.advance": {
                    "total": 2474.511588414316,
                    "count": 136661,
                    "self": 3.847653807606548,
                    "children": {
                        "env_step": {
                            "total": 1590.3858440981712,
                            "count": 136661,
                            "self": 735.6014820025302,
                            "children": {
                                "SubprocessEnvManager._take_step": {
                                    "total": 852.2765764012584,
                                    "count": 166953,
                                    "self": 18.693922696111258,
                                    "children": {
                                        "TorchPolicy.evaluate": {
                                            "total": 833.5826537051471,
                                            "count": 165709,
                                            "self": 833.5826537051471
                                        }
                                    }
                                },
                                "workers": {
                                    "total": 2.507785694382619,
                                    "count": 136660,
                                    "self": 0.0,