{
    "name": "root",
    "gauges": {
        "LidarBehavior.Policy.Entropy.mean": {
            "value": 1.1422330141067505,
            "min": 1.1422330141067505,
            "max": 1.4189382791519165,
            "count": 254
        },
        "LidarBehavior.Policy.Entropy.sum": {
            "value": 11068.23828125,
            "min": 11068.23828125,
            "max": 14572.49609375,
            "count": 254
        },
        "LidarBehavior.Step.mean": {
            "value": 2539875.0,
            "min": 9886.0,
            "max": 2539875.0,
            "count": 254
        },
        "LidarBehavior.Step.sum": {
            "value": 2539875.0,
            "min": 9886.0,
            "max": 2539875.0,
            "count": 254
        },
        "LidarBehavior.Policy.ExtrinsicValueEstimate.mean": {
            "value": 1.269705057144165,
            "min": -0.4358312487602234,
            "max": 1.3362886905670166,
            "count": 254
        },
        "LidarBehavior.Policy.ExtrinsicValueEstimate.sum": {
            "value": 102.84610748291016,
            "min": -34.86650085449219,
            "max": 105.15528106689453,
            "count": 254
        },
        "LidarBehavior.Environment.EpisodeLength.mean": {
            "value": 4021.3333333333335,
            "min": 593.8,
            "max": 9999.0,
            "count": 246
        },
        "LidarBehavior.Environment.EpisodeLength.sum": {
            "value": 24128.0,
            "min": 888.0,
            "max": 26631.0,
            "count": 246
        },
        "LidarBehavior.Environment.CumulativeReward.mean": {
            "value": 27.695931928387534,
            "min": -15.850370174273849,
            "max": 34.41271142847836,
            "count": 246
        },
        "LidarBehavior.Environment.CumulativeReward.sum": {
            "value": 166.1755915703252,
            "min": -44.7630141810514,
            "max": 166.1755915703252,
            "count": 246
        },
        "LidarBehavior.Policy.ExtrinsicReward.mean": {
            "value": 27.695931928387534,
            "min": -15.850370174273849,
            "max": 34.41271142847836,
            "count": 246
        },
        "LidarBehavior.Policy.ExtrinsicReward.sum": {
            "value": 166.1755915703252,
            "min": -44.7630141810514,
            "max": 166.1755915703252,
            "count": 246
        },
        "LidarBehavior.IsTraining.mean": {
            "value": 1.0,
            "min": 1.0,
            "max": 1.0,
            "count": 254
        },
        "LidarBehavior.IsTraining.sum": {
            "value": 1.0,
            "min": 1.0,
            "max": 1.0,
            "count": 254
        },
        "LidarBehavior.Losses.PolicyLoss.mean": {
            "value": 0.016391054928923645,
            "min": 0.009230222242573896,
            "max": 0.022692438152929147,
            "count": 123
        },
        "LidarBehavior.Losses.PolicyLoss.sum": {
            "value": 0.016391054928923645,
            "min": 0.009230222242573896,
            "max": 0.022692438152929147,
            "count": 123
        },
        "LidarBehavior.Losses.ValueLoss.mean": {
            "value": 0.003683975781314075,
            "min": 0.0005189639040812229,
            "max": 0.01176384937328597,
            "count": 123
        },
        "LidarBehavior.Losses.ValueLoss.sum": {
            "value": 0.003683975781314075,
            "min": 0.0005189639040812229,
            "max": 0.01176384937328597,
            "count": 123
        },
        "LidarBehavior.Policy.LearningRate.mean": {
            "value": 0.00014833367055546,
            "min": 0.00014833367055546,
            "max": 0.00029876436041188006,
            "count": 123
        },
        "LidarBehavior.Policy.LearningRate.sum": {
            "value": 0.00014833367055546,
            "min": 0.00014833367055546,
            "max": 0.00029876436041188006,
            "count": 123
        },
        "LidarBehavior.Policy.Epsilon.mean": {
            "value": 0.14944454000000004,
            "min": 0.14944454000000004,
            "max": 0.19958811999999992,
            "count": 123
        },
        "LidarBehavior.Policy.Epsilon.sum": {
            "value": 0.14944454000000004,
            "min": 0.14944454000000004,
            "max": 0.19958811999999992,
            "count": 123
        },
        "LidarBehavior.Policy.Beta.mean": {
            "value": 5.450008599999999e-05,
            "min": 5.450008599999999e-05,
            "max": 9.962930800000001e-05,
            "count": 123
        },
        "LidarBehavior.Policy.Beta.sum": {
            "value": 5.450008599999999e-05,
            "min": 5.450008599999999e-05,
            "max": 9.962930800000001e-05,
            "count": 123
        }
    },
    "metadata": {
        "timer_format_version": "0.1.0",
        "start_time_seconds": "1780250040",
        "python_version": "3.10.12 (main, Jul 26 2023, 12:00:51) [MSC v.1929 64 bit (AMD64)]",
        "command_line_arguments": "C:\\Users\\groze\\Documents\\git\\car-autodrive-project\\py\\env\\Scripts\\mlagents-learn config\\trainer_config.yaml --run-id=Lidar_05_31__01",
        "mlagents_version": "1.1.0",
        "mlagents_envs_version": "1.1.0",
        "communication_protocol_version": "1.5.0",
        "pytorch_version": "2.11.0+cu126",
        "numpy_version": "1.23.5",
        "end_time_seconds": "1780256613"
    },
    "total": 6573.020114199957,
    "count": 1,
    "self": 0.012783100013621151,
    "children": {
        "run_training.setup": {
            "total": 0.26601679995656013,
            "count": 1,
            "self": 0.26601679995656013
        },
        "TrainerController.start_learning": {
            "total": 6572.741314299987,
            "count": 1,
            "self": 6.835929051507264,
            "children": {
                "TrainerController._reset_env": {
                    "total": 17.386012200033292,
                    "count": 1,
                    "self": 17.386012200033292
                },
                "TrainerController.advance": {
                    "total": 6544.270345048397,
                    "count": 254596,
                    "self": 7.263859256054275,
                    "children": {
                        "env_step": {
                            "total": 5202.97746931226,
                            "count": 254596,
                            "self": 3911.760332321981,
                            "children": {
                                "SubprocessEnvManager._take_step": {
                                    "total": 1286.7260293980362,
                                    "count": 254596,
                                    "self": 27.64489290805068,
                                    "children": {
                                        "TorchPolicy.evaluate": {
                                            "total": 1259.0811364899855,
                                            "count": 254596,
                                            "self": 1259.0811364899855
                                        }
                                    }
                                },
                                "workers": {
                                    "total": 4.49110759224277,
                                    "count": 254595,
                                    "self": 0.0,
                                    "children": {
                                        "worker_root": {
                                            "total": 6542.929194285534,
                                            "count": 254595,
                                            "is_parallel": true,
                                            "self": 3111.3329772802535,
                                            "children": {
                                                "steps_from_proto": {
                                                    "total": 0.0046817000256851315,