{
    "name": "root",
    "gauges": {
        "LidarBehavior.Policy.Entropy.mean": {
            "value": 1.423755407333374,
            "min": 1.4189382791519165,
            "max": 1.423755407333374,
            "count": 4
        },
        "LidarBehavior.Policy.Entropy.sum": {
            "value": 14209.0791015625,
            "min": 14161.00390625,
            "max": 15835.3515625,
            "count": 4
        },
        "LidarBehavior.Environment.EpisodeLength.mean": {
            "value": 471.95454545454544,
            "min": 156.58490566037736,
            "max": 471.95454545454544,
            "count": 4
        },
        "LidarBehavior.Environment.EpisodeLength.sum": {
            "value": 10383.0,
            "min": 8299.0,
            "max": 10383.0,
            "count": 4
        },
        "LidarBehavior.Step.mean": {
            "value": 39893.0,
            "min": 9964.0,
            "max": 39893.0,
            "count": 4
        },
        "LidarBehavior.Step.sum": {
            "value": 39893.0,
            "min": 9964.0,
            "max": 39893.0,
            "count": 4
        },
        "LidarBehavior.Policy.ExtrinsicValueEstimate.mean": {
            "value": -1.1282556056976318,
            "min": -1.1282556056976318,
            "max": -0.23452511429786682,
            "count": 4
        },
        "LidarBehavior.Policy.ExtrinsicValueEstimate.sum": {
            "value": -99.28649139404297,
            "min": -99.28649139404297,
            "max": -23.687036514282227,
            "count": 4
        },
        "LidarBehavior.Environment.CumulativeReward.mean": {
            "value": -11.135409208861264,
            "min": -11.135409208861264,
            "max": -10.439788677944588,
            "count": 4
        },
        "LidarBehavior.Environment.CumulativeReward.sum": {
            "value": -244.97900259494781,
            "min": -542.8690112531185,
            "max": -243.69700691103935,
            "count": 4
        },
        "LidarBehavior.Policy.ExtrinsicReward.mean": {
            "value": -11.135409208861264,
            "min": -11.135409208861264,
            "max": -10.439788677944588,
            "count": 4
        },
        "LidarBehavior.Policy.ExtrinsicReward.sum": {
            "value": -244.97900259494781,
            "min": -542.8690112531185,
            "max": -243.69700691103935,
            "count": 4
        },
        "LidarBehavior.IsTraining.mean": {
            "value": 1.0,
            "min": 1.0,
            "max": 1.0,
            "count": 4
        },
        "LidarBehavior.IsTraining.sum": {
            "value": 1.0,
            "min": 1.0,
            "max": 1.0,
            "count": 4
        },
        "LidarBehavior.Losses.PolicyLoss.mean": {
            "value": 0.017975340768073996,
            "min": 0.017975340768073996,
            "max": 0.017975340768073996,
            "count": 1
        },
        "LidarBehavior.Losses.PolicyLoss.sum": {
            "value": 0.017975340768073996,
            "min": 0.017975340768073996,
            "max": 0.017975340768073996,
            "count": 1
        },
        "LidarBehavior.Losses.ValueLoss.mean": {
            "value": 2.524190632502238,
            "min": 2.524190632502238,
            "max": 2.524190632502238,
            "count": 1
        },
        "LidarBehavior.Losses.ValueLoss.sum": {
            "value": 2.524190632502238,
            "min": 2.524190632502238,
            "max": 2.524190632502238,
            "count": 1
        },
        "LidarBehavior.Policy.LearningRate.mean": {
            "value": 0.00029877072040975996,
            "min": 0.00029877072040975996,
            "max": 0.00029877072040975996,
            "count": 1
        },
        "LidarBehavior.Policy.LearningRate.sum": {
            "value": 0.00029877072040975996,
            "min": 0.00029877072040975996,
            "max": 0.00029877072040975996,
            "count": 1
        },
        "LidarBehavior.Policy.Epsilon.mean": {
            "value": 0.19959024,
            "min": 0.19959024,
            "max": 0.19959024,
            "count": 1
        },
        "LidarBehavior.Policy.Epsilon.sum": {
            "value": 0.19959024,
            "min": 0.19959024,
            "max": 0.19959024,
            "count": 1
        },
        "LidarBehavior.Policy.Beta.mean": {
            "value": 1.0000000000000006e-05,
            "min": 1.0000000000000006e-05,
            "max": 1.0000000000000006e-05,
            "count": 1
        },
        "LidarBehavior.Policy.Beta.sum": {
            "value": 1.0000000000000006e-05,
            "min": 1.0000000000000006e-05,
            "max": 1.0000000000000006e-05,
            "count": 1
        }
    },
    "metadata": {
        "timer_format_version": "0.1.0",
        "start_time_seconds": "1779829272",
        "python_version": "3.10.12 (main, Jul 26 2023, 12:00:51) [MSC v.1929 64 bit (AMD64)]",
        "command_line_arguments": "C:\\Users\\groze\\Documents\\git\\car-autodrive-project\\py\\env\\Scripts\\mlagents-learn config\\trainer_config.yaml --run-id=LidarTest_03_26_05",
        "mlagents_version": "1.1.0",
        "mlagents_envs_version": "1.1.0",
        "communication_protocol_version": "1.5.0",
        "pytorch_version": "2.11.0+cu126",
        "numpy_version": "1.23.5",
        "end_time_seconds": "1779829780"
    },
    "total": 508.3848945000209,
    "count": 1,
    "self": 0.010062600020319223,
    "children": {
        "run_training.setup": {
            "total": 0.21880809997674078,
            "count": 1,
            "self": 0.21880809997674078
        },
        "TrainerController.start_learning": {
            "total": 508.15602380002383,
            "count": 1,
            "self": 0.11383590108016506,
            "children": {
                "TrainerController._reset_env": {
                    "total": 19.65048959996784,
                    "count": 1,
                    "self": 19.65048959996784
                },
                "TrainerController.advance": {
                    "total": 482.73095179896336,
                    "count": 4804,
                    "self": 0.10327919985866174,
                    "children": {
                        "env_step": {
                            "total": 462.1489836011315,
                            "count": 4804,
                            "self": 443.1491974007222,
                            "children": {
                                "SubprocessEnvManager._take_step": {
                                    "total": 18.925446501700208,
                                    "count": 4805,
                                    "self": 0.46295050176559016,
                                    "children": {
                                        "TorchPolicy.evaluate": {
                                            "total": 18.462495999934617,
                                            "count": 4680,
                                            "self": 18.462495999934617
                                        }
                                    }
                                },
                                "workers": {
                                    "total": 0.07433969870908186,
                                    "count": 4803,
                                    "self": 0.0,
                                    "children": {
                                        "worker_root": {
                                            "total": 458.08154580101836,
                                            "count": 4803,
                                            "is_parallel": true,
                                            "self": 51.47666739689885,
                                            "children": {
                                                "steps_from_proto": {
                                                    "total": 0.0019996000337414443,
                                                    "count": 2,