{
    "name": "root",
    "gauges": {
        "LidarBehavior.Policy.Entropy.mean": {
            "value": 1.2751996517181396,
            "min": 1.2751996517181396,
            "max": 1.3710763454437256,
            "count": 25
        },
        "LidarBehavior.Policy.Entropy.sum": {
            "value": 12496.95703125,
            "min": 12496.95703125,
            "max": 14697.9384765625,
            "count": 25
        },
        "LidarBehavior.Step.mean": {
            "value": 249994.0,
            "min": 9997.0,
            "max": 249994.0,
            "count": 25
        },
        "LidarBehavior.Step.sum": {
            "value": 249994.0,
            "min": 9997.0,
            "max": 249994.0,
            "count": 25
        },
        "LidarBehavior.Policy.ExtrinsicValue.mean": {
            "value": -0.1630970686674118,
            "min": -0.1630970686674118,
            "max": 0.3409038782119751,
            "count": 25
        },
        "LidarBehavior.Policy.ExtrinsicValue.sum": {
            "value": -15.00493049621582,
            "min": -15.00493049621582,
            "max": 27.954116821289062,
            "count": 25
        },
        "LidarBehavior.Environment.EpisodeLength.mean": {
            "value": 889.88,
            "min": 491.7,
            "max": 2085.3333333333335,
            "count": 25
        },
        "LidarBehavior.Environment.EpisodeLength.sum": {
            "value": 22247.0,
            "min": 1955.0,
            "max": 22247.0,
            "count": 25
        },
        "LidarBehavior.Track_Data.Completion_Percent.mean": {
            "value": 1.1684717535972595,
            "min": 0.0,
            "max": 4.647539099057515,
            "count": 25
        },
        "LidarBehavior.Track_Data.Completion_Percent.sum": {
            "value": 28.04332208633423,
            "min": 0.0,
            "max": 45.87626314163208,
            "count": 25
        },
        "LidarBehavior.Track_Data.Success_Rate.mean": {
            "value": 0.0,
            "min": 0.0,
            "max": 0.0,
            "count": 25
        },
        "LidarBehavior.Track_Data.Success_Rate.sum": {
            "value": 0.0,
            "min": 0.0,
            "max": 0.0,
            "count": 25
        },
        "LidarBehavior.Track_Data.Cross_Track_Error.mean": {
            "value": 1.0572613353530567,
            "min": 0.6074015200138092,
            "max": 2.2977345834175744,
            "count": 25
        },
        "LidarBehavior.Track_Data.Cross_Track_Error.sum": {
            "value": 25.374272048473358,
            "min": 1.2148030400276184,
            "max": 30.63859784603119,
            "count": 25
        },
        "LidarBehavior.Environment.CumulativeReward.mean": {
            "value": -12.037333178892732,
            "min": -14.330270727630705,
            "max": -2.7157954913564026,
            "count": 25
        },
        "LidarBehavior.Environment.CumulativeReward.sum": {
            "value": -300.9333294723183,
            "min": -304.4351557046175,
            "max": -16.294772948138416,
            "count": 25
        },
        "LidarBehavior.Policy.ExtrinsicReward.mean": {
            "value": -12.037333178892732,
            "min": -14.330270727630705,
            "max": -2.7157954913564026,
            "count": 25
        },
        "LidarBehavior.Policy.ExtrinsicReward.sum": {
            "value": -300.9333294723183,
            "min": -304.4351557046175,
            "max": -16.294772948138416,
            "count": 25
        },
        "LidarBehavior.Losses.PolicyLoss.mean": {
            "value": -0.3101338447966412,
            "min": -0.3180982096871333,
            "max": -0.23028809653613905,
            "count": 25
        },
        "LidarBehavior.Losses.PolicyLoss.sum": {
            "value": -21.0891014461716,
            "min": -21.312580049037933,
            "max": -7.599507185692588,
            "count": 25
        },
        "LidarBehavior.Losses.ValueLoss.mean": {
            "value": 0.013432396525590152,
            "min": 0.00801389069477124,
            "max": 0.033228515805394356,
            "count": 25
        },
        "LidarBehavior.Losses.ValueLoss.sum": {
            "value": 0.9134029637401303,
            "min": 0.5369306765496731,
            "max": 1.4690469945780933,
            "count": 25
        },
        "LidarBehavior.Losses.Q1Loss.mean": {
            "value": 0.06691154015510727,
            "min": 0.03774512472393161,
            "max": 0.13040162729137023,
            "count": 25
        },
        "LidarBehavior.Losses.Q1Loss.sum": {
            "value": 4.549984730547294,
            "min": 2.491178231779486,
            "max": 7.488911718828604,
            "count": 25
        },
        "LidarBehavior.Losses.Q2Loss.mean": {
            "value": 0.06643756239346284,
            "min": 0.038180511776414336,
            "max": 0.12373930448901396,
            "count": 25
        },
        "LidarBehavior.Losses.Q2Loss.sum": {
            "value": 4.517754242755473,
            "min": 2.519913777243346,
            "max": 7.357035149820149,
            "count": 25
        },
        "LidarBehavior.Policy.ContinuousEntropyCoeff.mean": {
            "value": 0.030952106083871098,
            "min": 0.030952106083871098,
            "max": 0.04975101515424974,
            "count": 25
        },
        "LidarBehavior.Policy.ContinuousEntropyCoeff.sum": {
            "value": 2.1047432137032347,
            "min": 1.6417835000902414,
            "max": 3.2349580377340317,
            "count": 25
        },
        "LidarBehavior.Policy.LearningRate.mean": {
            "value": 0.0003000000000000001,
            "min": 0.0003,
            "max": 0.0003000000000000001,
            "count": 25
        },
        "LidarBehavior.Policy.LearningRate.sum": {
            "value": 0.020400000000000005,
            "min": 0.009899999999999999,
            "max": 0.020400000000000005,
            "count": 25
        },
        "LidarBehavior.IsTraining.mean": {
            "value": 1.0,
            "min": 1.0,
            "max": 1.0,
            "count": 25
        },
        "LidarBehavior.IsTraining.sum": {
            "value": 1.0,
            "min": 1.0,
            "max": 1.0,
            "count": 25
        }
    },
    "metadata": {
        "timer_format_version": "0.1.0",
        "start_time_seconds": "1780437251",
        "python_version": "3.10.12 (main, Jul 26 2023, 12:00:51) [MSC v.1929 64 bit (AMD64)]",
        "command_line_arguments": "C:\\Users\\groze\\Documents\\git\\car-autodrive-project\\py\\env\\Scripts\\mlagents-learn config\\sac_config.yaml --run-id=Lidar_SAC_06_03__01",
        "mlagents_version": "1.1.0",
        "mlagents_envs_version": "1.1.0",
        "communication_protocol_version": "1.5.0",
        "pytorch_version": "2.11.0+cu126",
        "numpy_version": "1.23.5",
        "end_time_seconds": "1780438374"
    },
    "total": 1122.8444643999974,
    "count": 1,
    "self": 0.011021900005289353,
    "children": {
        "run_training.setup": {
            "total": 0.20242119999602437,
            "count": 1,
            "self": 0.20242119999602437
        },
        "TrainerController.start_learning": {
            "total": 1122.631021299996,
            "count": 1,
            "self": 0.763706398618524,
            "children": {
                "TrainerController._reset_env": {
                    "total": 26.33046199999808,
                    "count": 1,
                    "self": 26.33046199999808
                },
                "TrainerController.advance": {
                    "total": 1085.9728494013834,
                    "count": 25399,
                    "self": 0.8150151025911327,
                    "children": {
                        "env_step": {
                            "total": 881.6055401991762,
                            "count": 25399,
                            "self": 729.7019969996472,