{
    "name": "root",
    "metadata": {
        "timer_format_version": "0.1.0",
        "start_time_seconds": "1779142861",
        "python_version": "3.10.12 (main, Jul 26 2023, 12:00:51) [MSC v.1929 64 bit (AMD64)]",
        "command_line_arguments": "C:\\Users\\groze\\Documents\\git\\car-autodrive-project\\py\\env\\Scripts\\mlagents-learn config\\trainer_config.yaml --run-id=LidarTest_03",
        "mlagents_version": "1.1.0",
        "mlagents_envs_version": "1.1.0",
        "communication_protocol_version": "1.5.0",
        "pytorch_version": "2.11.0+cu126",
        "numpy_version": "1.23.5",
        "end_time_seconds": "1779142971"
    },
    "total": 109.79988130001584,
    "count": 1,
    "self": 0.007973599946126342,
    "children": {
        "run_training.setup": {
            "total": 0.1450583000550978,
            "count": 1,
            "self": 0.1450583000550978
        },
        "TrainerController.start_learning": {
            "total": 109.64684940001462,
            "count": 1,
            "self": 0.021706099447328597,
            "children": {
                "TrainerController._reset_env": {
                    "total": 20.401745500043035,
                    "count": 1,
                    "self": 20.401745500043035
                },
                "TrainerController.advance": {
                    "total": 81.5434807005222,
                    "count": 1031,
                    "self": 0.019300200103316456,
                    "children": {
                        "env_step": {
                            "total": 81.20555149955908,
                            "count": 1031,
                            "self": 74.89662860066164,
                            "children": {
                                "SubprocessEnvManager._take_step": {
                                    "total": 6.295199399522971,
                                    "count": 1031,
                                    "self": 0.09212659968761727,
                                    "children": {
                                        "TorchPolicy.evaluate": {
                                            "total": 6.203072799835354,
                                            "count": 1031,
                                            "self": 6.203072799835354
                                        }
                                    }
                                },
                                "workers": {
                                    "total": 0.013723499374464154,
                                    "count": 1030,
                                    "self": 0.0,
                                    "children": {
                                        "worker_root": {
                                            "total": 20.67973759950837,
                                            "count": 1030,
                                            "is_parallel": true,
                                            "self": 12.1743035990512,
                                            "children": {
                                                "steps_from_proto": {
                                                    "total": 0.0005565999890677631,
                                                    "count": 1,
                                                    "is_parallel": true,
                                                    "self": 0.0002055000513792038,
                                                    "children": {
                                                        "_process_rank_one_or_two_observation": {
                                                            "total": 0.0003510999376885593,
                                                            "count": 10,
                                                            "is_parallel": true,
                                                            "self": 0.0003510999376885593
                                                        }
                                                    }
                                                },
                                                "UnityEnvironment.step": {
                                                    "total": 8.504877400468104,
                                                    "count": 1030,
                                                    "is_parallel": true,
                                                    "self": 0.11839780089212582,
                                                    "children": {
                                                        "UnityEnvironment._generate_step_input": {
                                                            "total": 0.11848590022418648,
                                                            "count": 1030,
                                                            "is_parallel": true,
                                                            "self": 0.11848590022418648
                                                        },
                                                        "communicator.exchange": {
                                                            "total": 7.874826099490747,
                                                            "count": 1030,
                                                            "is_parallel": true,
                                                            "self": 7.874826099490747
                                                        },
                                                        "steps_from_proto": {
                                                            "total": 0.39316759986104444,
                                                            "count": 1030,
                                                            "is_parallel": true,
                                                            "self": 0.1198694976628758,
                                                            "children": {
                                                                "_process_rank_one_or_two_observation": {
                                                                    "total": 0.27329810219816864,
                                                                    "count": 10300,
                                                                    "is_parallel": true,
                                                                    "self": 0.27329810219816864
                                                                }
                                                            }
                                                        }
                                                    }
                                                }
                                            }
                                        }
                                    }
                                }
                            }
                        },
                        "trainer_advance": {
                            "total": 0.3186290008598007,
                            "count": 1030,
                            "self": 0.024403501476626843,
                            "children": {
                                "process_trajectory": {
                                    "total": 0.2942254993831739,
                                    "count": 1030,
                                    "self": 0.2942254993831739
                                }
                            }
                        }
                    }
                },
                "TrainerController._save_models": {
                    "total": 7.679917100002058,
                    "count": 1,
                    "self": 0.03205340000567958,
                    "children": {
                        "RLTrainer._checkpoint": {
                            "total": 7.647863699996378,
                            "count": 1,