{
    "name": "root",
    "gauges": {
        "LidarBehavior.Policy.Entropy.mean": {
            "value": 1.3238945007324219,
            "min": 1.3238945007324219,
            "max": 1.4235389232635498,
            "count": 100
        },
        "LidarBehavior.Policy.Entropy.sum": {
            "value": 13861.17578125,
            "min": 10258.923828125,
            "max": 28818.63671875,
            "count": 100
        },
        "LidarBehavior.Environment.EpisodeLength.mean": {
            "value": 179.45762711864407,
            "min": 82.3529411764706,
            "max": 188.28985507246378,
            "count": 100
        },
        "LidarBehavior.Environment.EpisodeLength.sum": {
            "value": 10588.0,
            "min": 5600.0,
            "max": 13436.0,
            "count": 100
        },
        "LidarBehavior.Custom.Accuracy.mean": {
            "value": 0.0,
            "min": 0.0,
            "max": 0.0,
            "count": 100
        },
        "LidarBehavior.Custom.Accuracy.sum": {
            "value": 0.0,
            "min": 0.0,
            "max": 0.0,
            "count": 100
        },
        "LidarBehavior.Step.mean": {
            "value": 999916.0,
            "min": 9892.0,
            "max": 999916.0,
            "count": 100
        },
        "LidarBehavior.Step.sum": {
            "value": 999916.0,
            "min": 9892.0,
            "max": 999916.0,
            "count": 100
        },
        "LidarBehavior.Policy.ExtrinsicValueEstimate.mean": {
            "value": -1.917268991470337,
            "min": -2.0421903133392334,
            "max": -0.011178598739206791,
            "count": 100
        },
        "LidarBehavior.Policy.ExtrinsicValueEstimate.sum": {
            "value": -216.65139770507812,
            "min": -239.72401428222656,
            "max": -1.162574291229248,
            "count": 100
        },
        "LidarBehavior.Environment.CumulativeReward.mean": {
            "value": -4.978813559322034,
            "min": -9.716911764705882,
            "max": -4.834905660377358,
            "count": 100
        },
        "LidarBehavior.Environment.CumulativeReward.sum": {
            "value": -293.75,
            "min": -660.75,
            "max": -191.5,
            "count": 100
        },
        "LidarBehavior.Policy.ExtrinsicReward.mean": {
            "value": -4.978813559322034,
            "min": -9.716911764705882,
            "max": -4.834905660377358,
            "count": 100
        },
        "LidarBehavior.Policy.ExtrinsicReward.sum": {
            "value": -293.75,
            "min": -660.75,
            "max": -191.5,
            "count": 100
        },
        "LidarBehavior.IsTraining.mean": {
            "value": 1.0,
            "min": 1.0,
            "max": 1.0,
            "count": 100
        },
        "LidarBehavior.IsTraining.sum": {
            "value": 1.0,
            "min": 1.0,
            "max": 1.0,
            "count": 100
        },
        "LidarBehavior.Losses.PolicyLoss.mean": {
            "value": 0.01755651240237057,
            "min": 0.011101278911034266,
            "max": 0.021983326179906726,
            "count": 48
        },
        "LidarBehavior.Losses.PolicyLoss.sum": {
            "value": 0.01755651240237057,
            "min": 0.011101278911034266,
            "max": 0.021983326179906726,
            "count": 48
        },
        "LidarBehavior.Losses.ValueLoss.mean": {
            "value": 0.417646062374115,
            "min": 0.36400894820690155,
            "max": 2.131595579783122,
            "count": 48
        },
        "LidarBehavior.Losses.ValueLoss.sum": {
            "value": 0.417646062374115,
            "min": 0.36400894820690155,
            "max": 2.131595579783122,
            "count": 48
        },
        "LidarBehavior.Policy.LearningRate.mean": {
            "value": 0.00027037764987412004,
            "min": 0.00027037764987412004,
            "max": 0.00029938482020506,
            "count": 48
        },
        "LidarBehavior.Policy.LearningRate.sum": {
            "value": 0.00027037764987412004,
            "min": 0.00027037764987412004,
            "max": 0.00029938482020506,
            "count": 48
        },
        "LidarBehavior.Policy.Epsilon.mean": {
            "value": 0.19012588000000002,
            "min": 0.19012588000000002,
            "max": 0.19979494000000006,
            "count": 48
        },
        "LidarBehavior.Policy.Epsilon.sum": {
            "value": 0.19012588000000002,
            "min": 0.19012588000000002,
            "max": 0.19979494000000006,
            "count": 48
        },
        "LidarBehavior.Policy.Beta.mean": {
            "value": 0.0004516168120000001,
            "min": 0.0004516168120000001,
            "max": 0.0004989952060000001,
            "count": 48
        },
        "LidarBehavior.Policy.Beta.sum": {
            "value": 0.0004516168120000001,
            "min": 0.0004516168120000001,
            "max": 0.0004989952060000001,
            "count": 48
        }
    },
    "metadata": {
        "timer_format_version": "0.1.0",
        "start_time_seconds": "1779998559",
        "python_version": "3.10.12 (main, Jul 26 2023, 12:00:51) [MSC v.1929 64 bit (AMD64)]",
        "command_line_arguments": "C:\\Users\\groze\\Documents\\git\\car-autodrive-project\\py\\env\\Scripts\\mlagents-learn config\\trainer_config.yaml --run-id=LidarHeadless_05_28__11 --env=C:\\Users\\groze\\Documents\\git\\car-autodrive-project\\unity\\LidarBuilds\\unity.exe --num-envs=16 --no-graphics",
        "mlagents_version": "1.1.0",
        "mlagents_envs_version": "1.1.0",
        "communication_protocol_version": "1.5.0",
        "pytorch_version": "2.11.0+cu126",
        "numpy_version": "1.23.5",
        "end_time_seconds": "1780000001"
    },
    "total": 1442.289680899994,
    "count": 1,
    "self": 3.60858850000659,
    "children": {
        "run_training.setup": {
            "total": 5.519834099977743,
            "count": 1,
            "self": 5.519834099977743
        },
        "TrainerController.start_learning": {
            "total": 1433.1612583000096,
            "count": 1,
            "self": 1.075913902837783,
            "children": {
                "TrainerController._reset_env": {
                    "total": 28.3746810000157,
                    "count": 1,
                    "self": 28.3746810000157
                },
                "TrainerController.advance": {
                    "total": 1399.4156469972222,
                    "count": 18001,
                    "self": 0.8783718988997862,
                    "children": {
                        "env_step": {
                            "total": 734.7699259042274,
                            "count": 18001,
                            "self": 121.54223710630322,
                            "children": {
                                "SubprocessEnvManager._take_step": {
                                    "total": 612.0876272987225,
                                    "count": 104999,
                                    "self": 15.886246299487539,
                                    "children": {
                                        "TorchPolicy.evaluate": {
                                            "total": 596.201380999235,
                                            "count": 100962,
                                            "self": 596.201380999235
                                        }
                                    }
                                },
                                "workers": {
                                    "total": 1.1400614992016926,
                                    "count": 18001,
                                    "self": 0.0,
                                    "children": {
                                        "worker_root": {
                                            "total": 22524.50372639962,