{
    "name": "root",
    "metadata": {
        "timer_format_version": "0.1.0",
        "start_time_seconds": "1779205298",
        "python_version": "3.10.12 (main, Jul 26 2023, 12:00:51) [MSC v.1929 64 bit (AMD64)]",
        "command_line_arguments": "C:\\Users\\groze\\Documents\\git\\car-autodrive-project\\py\\env\\Scripts\\mlagents-learn config\\trainer_config.yaml --run-id=LidarTest_09",
        "mlagents_version": "1.1.0",
        "mlagents_envs_version": "1.1.0",
        "communication_protocol_version": "1.5.0",
        "pytorch_version": "2.11.0+cu126",
        "numpy_version": "1.23.5",
        "end_time_seconds": "1779205359"
    },
    "total": 61.32475650002016,
    "count": 1,
    "self": 0.009740600013174117,
    "children": {
        "run_training.setup": {
            "total": 0.1744069000124,
            "count": 1,
            "self": 0.1744069000124
        },
        "TrainerController.start_learning": {
            "total": 61.14060899999458,
            "count": 1,
            "self": 0.039331200590822846,
            "children": {
                "TrainerController._reset_env": {
                    "total": 19.03164800000377,
                    "count": 1,
                    "self": 19.03164800000377
                },
                "TrainerController.advance": {
                    "total": 36.018080499372445,
                    "count": 1795,
                    "self": 0.03611619962612167,
                    "children": {
                        "env_step": {
                            "total": 35.448060699913185,
                            "count": 1795,
                            "self": 24.801914500596467,
                            "children": {
                                "SubprocessEnvManager._take_step": {
                                    "total": 10.621043399965856,
                                    "count": 1795,
                                    "self": 0.16602480021538213,
                                    "children": {
                                        "TorchPolicy.evaluate": {
                                            "total": 10.455018599750474,
                                            "count": 1784,
                                            "self": 10.455018599750474
                                        }
                                    }
                                },
                                "workers": {
                                    "total": 0.02510279935086146,
                                    "count": 1794,
                                    "self": 0.0,
                                    "children": {
                                        "worker_root": {
                                            "total": 33.54478849930456,
                                            "count": 1794,
                                            "is_parallel": true,
                                            "self": 17.352705198631156,
                                            "children": {
                                                "steps_from_proto": {
                                                    "total": 0.0038775000139139593,
                                                    "count": 1,
                                                    "is_parallel": true,
                                                    "self": 0.00023639987921342254,
                                                    "children": {
                                                        "_process_rank_one_or_two_observation": {
                                                            "total": 0.0036411001347005367,
                                                            "count": 10,
                                                            "is_parallel": true,
                                                            "self": 0.0036411001347005367
                                                        }
                                                    }
                                                },
                                                "UnityEnvironment.step": {
                                                    "total": 16.18820580065949,
                                                    "count": 1794,
                                                    "is_parallel": true,
                                                    "self": 0.21681679820176214,
                                                    "children": {
                                                        "UnityEnvironment._generate_step_input": {
                                                            "total": 0.1821711008087732,
                                                            "count": 1794,
                                                            "is_parallel": true,
                                                            "self": 0.1821711008087732
                                                        },
                                                        "communicator.exchange": {
                                                            "total": 15.042189701227471,
                                                            "count": 1794,
                                                            "is_parallel": true,
                                                            "self": 15.042189701227471
                                                        },
                                                        "steps_from_proto": {
                                                            "total": 0.7470282004214823,
                                                            "count": 1794,
                                                            "is_parallel": true,
                                                            "self": 0.2316847000620328,
                                                            "children": {
                                                                "_process_rank_one_or_two_observation": {
                                                                    "total": 0.5153435003594495,
                                                                    "count": 17940,
                                                                    "is_parallel": true,
                                                                    "self": 0.5153435003594495
                                                                }
                                                            }
                                                        }
                                                    }
                                                }
                                            }
                                        }
                                    }
                                }
                            }
                        },
                        "trainer_advance": {
                            "total": 0.5339035998331383,
                            "count": 1794,
                            "self": 0.044553499727044255,
                            "children": {
                                "process_trajectory": {
                                    "total": 0.48935010010609403,
                                    "count": 1794,
                                    "self": 0.48935010010609403
                                }
                            }
                        }
                    }
                },
                "trainer_threads": {
                    "total": 2.400018274784088e-06,
                    "count": 1,
                    "self": 2.400018274784088e-06
                },
                "TrainerController._save_models": {
                    "total": 6.051546900009271,
                    "count": 1,
                    "self": 0.039451599994208664,