{
    "name": "root",
    "gauges": {
        "LidarBehavior.Policy.Entropy.mean": {
            "value": 1.3657649755477905,
            "min": 1.3657649755477905,
            "max": 1.427376389503479,
            "count": 52
        },
        "LidarBehavior.Policy.Entropy.sum": {
            "value": 13623.505859375,
            "min": 13347.4765625,
            "max": 14558.306640625,
            "count": 52
        },
        "LidarBehavior.Environment.EpisodeLength.mean": {
            "value": 844.6363636363636,
            "min": 162.1290322580645,
            "max": 12142.5,
            "count": 48
        },
        "LidarBehavior.Environment.EpisodeLength.sum": {
            "value": 9291.0,
            "min": 870.0,
            "max": 24285.0,
            "count": 48
        },
        "LidarBehavior.Step.mean": {
            "value": 519927.0,
            "min": 9990.0,
            "max": 519927.0,
            "count": 52
        },
        "LidarBehavior.Step.sum": {
            "value": 519927.0,
            "min": 9990.0,
            "max": 519927.0,
            "count": 52
        },
        "LidarBehavior.Policy.ExtrinsicValueEstimate.mean": {
            "value": 7.763032913208008,
            "min": -3.088230848312378,
            "max": 8.05534553527832,
            "count": 52
        },
        "LidarBehavior.Policy.ExtrinsicValueEstimate.sum": {
            "value": 644.3317260742188,
            "min": -253.23492431640625,
            "max": 668.5936889648438,
            "count": 52
        },
        "LidarBehavior.Environment.CumulativeReward.mean": {
            "value": 79.19854469190945,
            "min": -67.20196104003116,
            "max": 91.87214214886937,
            "count": 48
        },
        "LidarBehavior.Environment.CumulativeReward.sum": {
            "value": 871.1839916110039,
            "min": -646.2911515906453,
            "max": 930.9160746634007,
            "count": 48
        },
        "LidarBehavior.Policy.ExtrinsicReward.mean": {
            "value": 79.19854469190945,
            "min": -67.20196104003116,
            "max": 91.87214214886937,
            "count": 48
        },
        "LidarBehavior.Policy.ExtrinsicReward.sum": {
            "value": 871.1839916110039,
            "min": -646.2911515906453,
            "max": 930.9160746634007,
            "count": 48
        },
        "LidarBehavior.IsTraining.mean": {
            "value": 1.0,
            "min": 1.0,
            "max": 1.0,
            "count": 52
        },
        "LidarBehavior.IsTraining.sum": {
            "value": 1.0,
            "min": 1.0,
            "max": 1.0,
            "count": 52
        },
        "LidarBehavior.Losses.PolicyLoss.mean": {
            "value": 0.021683573303744198,
            "min": 0.012968922515089314,
            "max": 0.02331558261066675,
            "count": 25
        },
        "LidarBehavior.Losses.PolicyLoss.sum": {
            "value": 0.021683573303744198,
            "min": 0.012968922515089314,
            "max": 0.02331558261066675,
            "count": 25
        },
        "LidarBehavior.Losses.ValueLoss.mean": {
            "value": 10.9478129863739,
            "min": 0.07194903294245401,
            "max": 15.362686316172281,
            "count": 25
        },
        "LidarBehavior.Losses.ValueLoss.sum": {
            "value": 10.9478129863739,
            "min": 0.07194903294245401,
            "max": 15.362686316172281,
            "count": 25
        },
        "LidarBehavior.Policy.LearningRate.mean": {
            "value": 0.00026918515027161993,
            "min": 0.00026918515027161993,
            "max": 0.0002987668204110599,
            "count": 25
        },
        "LidarBehavior.Policy.LearningRate.sum": {
            "value": 0.00026918515027161993,
            "min": 0.00026918515027161993,
            "max": 0.0002987668204110599,
            "count": 25
        },
        "LidarBehavior.Policy.Epsilon.mean": {
            "value": 0.18972838,
            "min": 0.18972838,
            "max": 0.19958894,
            "count": 25
        },
        "LidarBehavior.Policy.Epsilon.sum": {
            "value": 0.18972838,
            "min": 0.18972838,
            "max": 0.19958894,
            "count": 25
        },
        "LidarBehavior.Policy.Beta.mean": {
            "value": 0.0004496690620000001,
            "min": 0.0004496690620000001,
            "max": 0.0004979858060000001,
            "count": 25
        },
        "LidarBehavior.Policy.Beta.sum": {
            "value": 0.0004496690620000001,
            "min": 0.0004496690620000001,
            "max": 0.0004979858060000001,
            "count": 25
        }
    },
    "metadata": {
        "timer_format_version": "0.1.0",
        "start_time_seconds": "1779207977",
        "python_version": "3.10.12 (main, Jul 26 2023, 12:00:51) [MSC v.1929 64 bit (AMD64)]",
        "command_line_arguments": "C:\\Users\\groze\\Documents\\git\\car-autodrive-project\\py\\env\\Scripts\\mlagents-learn config\\trainer_config.yaml --run-id=LidarTest_12",
        "mlagents_version": "1.1.0",
        "mlagents_envs_version": "1.1.0",
        "communication_protocol_version": "1.5.0",
        "pytorch_version": "2.11.0+cu126",
        "numpy_version": "1.23.5",
        "end_time_seconds": "1779209906"
    },
    "total": 1929.1749280000222,
    "count": 1,
    "self": 0.007924400037154555,
    "children": {
        "run_training.setup": {
            "total": 0.1560147000127472,
            "count": 1,
            "self": 0.1560147000127472
        },
        "TrainerController.start_learning": {
            "total": 1929.0109888999723,
            "count": 1,
            "self": 2.4753376090084203,
            "children": {
                "TrainerController._reset_env": {
                    "total": 19.287616899993736,
                    "count": 1,
                    "self": 19.287616899993736
                },
                "TrainerController.advance": {
                    "total": 1904.0307944910019,
                    "count": 106080,
                    "self": 2.2157956741866656,
                    "children": {
                        "env_step": {
                            "total": 1635.15919451043,
                            "count": 106080,
                            "self": 1069.209648319811,
                            "children": {
                                "SubprocessEnvManager._take_step": {
                                    "total": 564.2597483962891,
                                    "count": 106080,
                                    "self": 10.179971703211777,
                                    "children": {
                                        "TorchPolicy.evaluate": {
                                            "total": 554.0797766930773,
                                            "count": 105655,
                                            "self": 554.0797766930773
                                        }
                                    }
                                },
                                "workers": {
                                    "total": 1.6897977943299338,
                                    "count": 106079,
                                    "self": 0.0,
                                    "children": {
                                        "worker_root": {
                                            "total": 1904.6738766018534,
                                            "count": 106079,
                                            "is_parallel": true,
                                            "self": 997.8409564004978,
                                            "children": {
                                                "steps_from_proto": {
                                                    "total": 0.0007113000028766692,
                                                    "count": 1,